add_author,2026-06-04T20:24:44
add_book,2026-06-04T20:24:44
add_reader,2026-06-04T20:24:44
list_books,2026-06-04T20:24:44
find_book_by_id,2026-06-04T20:24:44
update_book,2026-06-04T20:24:44
borrow_book,2026-06-04T20:24:44
return_book,2026-06-04T20:24:44
report_active_loans,2026-06-04T20:24:44
add_author,2026-06-04T20:25:02
add_book,2026-06-04T20:25:02
add_reader,2026-06-04T20:25:02
list_books,2026-06-04T20:25:02
find_book_by_id,2026-06-04T20:25:02
update_book,2026-06-04T20:25:02
borrow_book,2026-06-04T20:25:02
return_book,2026-06-04T20:25:02
report_active_loans,2026-06-04T20:25:02
add_author,2026-06-04T20:26:36
add_book,2026-06-04T20:26:36
add_reader,2026-06-04T20:26:36
list_books,2026-06-04T20:26:36
find_book_by_id,2026-06-04T20:26:36
update_book,2026-06-04T20:26:36
borrow_book,2026-06-04T20:26:36
return_book,2026-06-04T20:26:36
report_active_loans,2026-06-04T20:26:36
delete_reader,2026-06-04T20:26:36
